"","core","metric","Couplet (varve) mean","Event mean","Event sd","Event n"
"1","V1","D~50~ (µm)",7.64236363636364,9.684,0.802203216149125,5
"2","V2","D~50~ (µm)",6.34858695652174,16.1966666666667,9.40179060959489,6
"3","V1","OM (%)",4.75114040678515,4.67392072794045,0.529532860404624,3
"4","V2","OM (%)",4.71363043086835,2.86313934102581,0.941991184491521,4
"5","V1","Avg. Thickness (mm)",2.39796885090218,10.319,4.23585080001645,5
"6","V2","Avg. Thickness (mm)",1.51495258935084,11.175,15.8940385889385,7
